iteration,wins,draws,losses,win_rate,draw_rate,loss_rate
5,8,0,4,0.6666666666666666,0.0,0.3333333333333333
10,5,0,7,0.4166666666666667,0.0,0.5833333333333334
15,9,0,3,0.75,0.0,0.25
20,8,0,4,0.6666666666666666,0.0,0.3333333333333333
25,4,0,8,0.3333333333333333,0.0,0.6666666666666666
30,8,0,4,0.6666666666666666,0.0,0.3333333333333333
