iteration,wins,draws,losses,win_rate,draw_rate,loss_rate
5,9,0,3,0.75,0.0,0.25
10,12,0,0,1.0,0.0,0.0
15,10,0,2,0.8333333333333334,0.0,0.16666666666666666
20,12,0,0,1.0,0.0,0.0
25,11,0,1,0.9166666666666666,0.0,0.08333333333333333
30,12,0,0,1.0,0.0,0.0
35,12,0,0,1.0,0.0,0.0
40,10,0,2,0.8333333333333334,0.0,0.16666666666666666
