iteration,wins,draws,losses,win_rate,draw_rate,loss_rate
5,1,0,11,0.08333333333333333,0.0,0.9166666666666666
10,0,0,12,0.0,0.0,1.0
15,3,0,9,0.25,0.0,0.75
20,3,0,9,0.25,0.0,0.75
25,2,0,10,0.16666666666666666,0.0,0.8333333333333334
30,0,0,12,0.0,0.0,1.0
35,4,0,8,0.3333333333333333,0.0,0.6666666666666666
40,4,0,8,0.3333333333333333,0.0,0.6666666666666666
