iteration,wins,draws,losses,win_rate,draw_rate,loss_rate
5,8,0,4,0.6666666666666666,0.0,0.3333333333333333
10,10,0,2,0.8333333333333334,0.0,0.16666666666666666
