iteration,replay_size,policy_loss,value_loss
1,12288,2.3290590724597373,0.4553433440936108
2,24576,2.259662848431617,0.3829861949197948
