iteration,wins,draws,losses,win_rate,draw_rate,loss_rate
5,4,0,8,0.3333333333333333,0.0,0.6666666666666666
10,3,0,9,0.25,0.0,0.75
15,6,0,6,0.5,0.0,0.5
