iteration,wins,draws,losses,win_rate,draw_rate,loss_rate
5,9,0,3,0.75,0.0,0.25
10,9,0,3,0.75,0.0,0.25
15,10,0,2,0.8333333333333334,0.0,0.16666666666666666
20,10,0,2,0.8333333333333334,0.0,0.16666666666666666
25,10,0,2,0.8333333333333334,0.0,0.16666666666666666
30,10,0,2,0.8333333333333334,0.0,0.16666666666666666
