iteration,wins,draws,losses,win_rate,draw_rate,loss_rate
5,2,0,10,0.16666666666666666,0.0,0.8333333333333334
10,2,0,10,0.16666666666666666,0.0,0.8333333333333334
15,5,0,7,0.4166666666666667,0.0,0.5833333333333334
20,8,0,4,0.6666666666666666,0.0,0.3333333333333333
25,3,0,9,0.25,0.0,0.75
30,7,0,5,0.5833333333333334,0.0,0.4166666666666667
35,4,0,8,0.3333333333333333,0.0,0.6666666666666666
40,5,0,7,0.4166666666666667,0.0,0.5833333333333334
