{
  "wins": 2,
  "draws": 0,
  "losses": 10,
  "win_rate": 0.16666666666666666,
  "draw_rate": 0.0,
  "loss_rate": 0.8333333333333334
}