iteration,wins,draws,losses,win_rate,draw_rate,loss_rate
5,3,0,9,0.25,0.0,0.75
10,3,0,9,0.25,0.0,0.75
15,5,0,7,0.4166666666666667,0.0,0.5833333333333334
20,3,0,9,0.25,0.0,0.75
25,4,0,8,0.3333333333333333,0.0,0.6666666666666666
30,3,0,9,0.25,0.0,0.75
35,4,0,8,0.3333333333333333,0.0,0.6666666666666666
40,7,0,5,0.5833333333333334,0.0,0.4166666666666667
